account_id,account_name,plan_tier,current_mrr,current_arr,churn_probability,revenue_at_risk,priority,recommended_action,avg_satisfaction,ticket_count,escalation_rate,total_usage_count,has_upgraded,has_downgraded
A-43a9e3,Company_1,Basic,10004.0,120048.0,0.16510019835687517,1651.6623843621792,Low,Proactive retention outreach,4.0,3.0,0.0,317,True,False
A-0a282f,Company_2,Basic,1194.0,14328.0,0.507122030060671,605.5037038924412,High,Proactive retention outreach,5.0,2.0,0.0,717,False,False
A-1f0ac7,Company_3,Basic,7491.0,89892.0,0.1395647029386115,1045.4791897131388,Low,Proactive retention outreach,,2.0,0.0,337,True,False
A-1b9609,Company_5,Enterprise,16614.0,199368.0,0.3564044034112426,5921.302758274384,Medium,Customer satisfaction outreach,3.0,3.0,0.0,390,False,False
A-a0ca4e,Company_6,Pro,10920.0,131040.0,0.2347332983712121,2563.287618213636,Low,Priority support intervention,3.8,5.0,0.6,311,False,False
A-e5d6ab,Company_7,Pro,10815.0,129780.0,0.08445615521151889,913.3933186125768,Low,Proactive retention outreach,,3.0,0.0,289,False,False
A-7dacce,Company_8,Enterprise,4975.0,59700.0,0.5642924783821415,2807.355079951154,High,Proactive retention outreach,3.6666666666666665,4.0,0.0,409,False,False
A-10b8da,Company_9,Enterprise,5404.0,64848.0,0.1932720364535712,1044.4420849950986,Low,Proactive retention outreach,3.5,3.0,0.0,201,True,False
A-592832,Company_10,Basic,12605.0,151260.0,0.47824169568426333,6028.2365741001395,Medium,Proactive retention outreach,5.0,2.0,0.0,941,False,False
A-6c093d,Company_12,Basic,15728.0,188736.0,0.06830570238701814,1074.3120871430212,Low,Priority support intervention,5.0,3.0,0.3333333333333333,555,True,False
A-462d45,Company_13,Enterprise,17282.0,207384.0,0.36573762819988453,6320.677690550405,Medium,Account retention review,4.0,3.0,0.0,588,True,True
A-ac14bb,Company_15,Enterprise,27347.0,328164.0,0.21473893504204308,5872.4656565947525,Low,Proactive retention outreach,4.0,2.0,0.0,473,True,False
A-ce66f8,Company_17,Pro,11858.0,142296.0,0.22565633203704832,2675.832785295319,Low,Customer satisfaction outreach,3.0,5.0,0.0,434,False,False
A-c4ea60,Company_18,Enterprise,6600.0,79200.0,0.3249998170072818,2144.99879224806,Medium,Account retention review,3.6,5.0,0.0,366,False,True
A-832ec2,Company_19,Enterprise,4921.0,59052.0,0.32689300306145913,1608.6404680654405,Medium,Priority support intervention,4.0,3.0,0.3333333333333333,425,True,False
A-684255,Company_20,Enterprise,9744.0,116928.0,0.5452710516302696,5313.121127085346,High,Proactive retention outreach,4.666666666666667,4.0,0.25,569,True,False
A-c42f1f,Company_21,Pro,539.0,6468.0,0.6514516813521677,351.13245624881836,High,Proactive retention outreach,4.0,9.0,0.1111111111111111,321,False,False
A-4e44e8,Company_22,Enterprise,1874.0,22488.0,0.8038169258934345,1506.3529191242962,High,Proactive retention outreach,3.333333333333333,3.0,0.0,637,True,False
A-30b4ca,Company_23,Basic,74304.0,891648.0,0.0528521486659441,3927.1260544743104,Low,Proactive retention outreach,4.0,3.0,0.0,370,False,False
A-32fb14,Company_25,Enterprise,3601.0,43212.0,0.2411821403625281,868.4968874454637,Low,Proactive retention outreach,4.5,5.0,0.0,460,True,False
A-00cac8,Company_26,Enterprise,9210.0,110520.0,0.21875042461971198,2014.6914107475473,Low,Proactive retention outreach,,2.0,0.0,555,False,False
A-35083d,Company_27,Basic,20820.0,249840.0,0.21023292814303204,4377.049563937927,Low,Proactive retention outreach,5.0,4.0,0.0,674,True,False
A-eb7fac,Company_28,Enterprise,41259.0,495108.0,0.20050044927430247,8272.448036608446,High,Proactive retention outreach,4.0,4.0,0.0,484,False,False
A-b20d99,Company_29,Basic,7089.0,85068.0,0.22463019303793705,1592.4034384459358,Low,Proactive retention outreach,3.5,2.0,0.0,329,False,False
A-45ce7a,Company_31,Enterprise,4248.0,50976.0,0.4240184919480614,1801.2305537953648,Medium,Account retention review,3.6666666666666665,4.0,0.0,392,True,True
A-08e34e,Company_32,Basic,10422.0,125064.0,0.30713976769501766,3201.0106589174743,Medium,Customer satisfaction outreach,3.0,3.0,0.0,556,False,False
A-8145a0,Company_33,Basic,12000.0,144000.0,0.07933438874605565,952.0126649526678,Low,Proactive retention outreach,4.0,5.0,0.0,614,True,False
A-bad8c1,Company_34,Basic,7797.0,93564.0,0.036938836222153104,288.0121060241278,Low,Proactive retention outreach,4.0,1.0,0.0,332,True,False
A-44dc83,Company_35,Basic,456.0,5472.0,0.23563045762565035,107.44748867729656,Low,Proactive retention outreach,4.6,7.0,0.0,236,False,False
A-f446b6,Company_36,Pro,11392.0,136704.0,0.15458636009320137,1761.04781418175,Low,Proactive retention outreach,4.25,7.0,0.0,322,False,False
A-a45270,Company_37,Enterprise,16601.0,199212.0,0.6572664141119358,10911.279740672246,High,Proactive retention outreach,,2.0,0.0,687,True,False
A-05f0e5,Company_40,Basic,45082.0,540984.0,0.057197960179985116,2578.598440834089,Low,Proactive retention outreach,4.0,3.0,0.0,557,True,False
A-9077b0,Company_41,Basic,38.0,456.0,0.4675159906409435,17.765607644355853,Medium,Proactive retention outreach,4.333333333333333,3.0,0.0,460,False,False
A-7f8241,Company_42,Pro,32104.0,385248.0,0.0746949470538973,2398.006580218319,Low,Customer satisfaction outreach,3.0,1.0,0.0,616,True,False
A-2bc93d,Company_43,Basic,30413.0,364956.0,0.05347201158813276,1626.2442884298816,Low,Proactive retention outreach,4.0,1.0,0.0,577,True,False
A-f3ff05,Company_44,Enterprise,8973.0,107676.0,0.7836754280112235,7031.919615544708,High,Proactive retention outreach,3.5,3.0,0.0,616,True,False
A-2d4502,Company_45,Basic,15481.0,185772.0,0.2543561813135482,3937.6880429150397,Low,Proactive retention outreach,5.0,3.0,0.0,446,True,False
A-6a4e2d,Company_46,Pro,9708.0,116496.0,0.2245126462554873,2179.5687698482707,Low,Priority support intervention,4.5,2.0,0.5,517,True,True
A-eb7c38,Company_47,Enterprise,29666.0,355992.0,0.4745009137650787,14076.544107754824,High,Account retention review,4.333333333333333,5.0,0.0,608,True,True
A-3b5cd1,Company_49,Basic,10542.0,126504.0,0.12684825199388594,1337.2342725195456,Low,Account retention review,4.0,4.0,0.0,425,True,True
A-b2225d,Company_50,Basic,15745.0,188940.0,0.4232263822408366,6663.699388381972,Medium,Customer satisfaction outreach,3.0,2.0,0.0,615,True,True
A-94f8c9,Company_51,Basic,12391.0,148692.0,0.3489447667777354,4323.774605142919,Medium,Proactive retention outreach,5.0,3.0,0.0,655,True,False
A-02fac6,Company_52,Pro,20954.0,251448.0,0.11693501357893922,2450.2562745330924,Low,Proactive retention outreach,4.0,6.0,0.0,401,False,False
A-c1dfe1,Company_53,Pro,25296.0,303552.0,0.2135252698695293,5401.335226619613,Low,Account retention review,4.0,3.0,0.0,343,True,True
A-32728c,Company_54,Pro,4118.0,49416.0,0.11233484756884592,462.59490228850746,Low,Proactive retention outreach,3.5,2.0,0.0,390,True,False
A-4c38bc,Company_55,Basic,29520.0,354240.0,0.39099196768000255,11542.082885913675,High,Proactive retention outreach,3.5,3.0,0.0,712,True,False
A-1b707d,Company_56,Enterprise,7945.0,95340.0,0.1260444958997127,1001.4235199232174,Low,Proactive retention outreach,,2.0,0.0,320,False,False
A-6f8ad2,Company_57,Basic,20619.0,247428.0,0.45521838165566564,9386.14781135817,High,Proactive retention outreach,4.0,2.0,0.0,819,True,False
A-4d1e75,Company_58,Basic,13698.0,164376.0,0.3490358061897373,4781.092473187021,Medium,Proactive retention outreach,4.0,2.0,0.0,430,True,False
A-9ee962,Company_59,Basic,9249.0,110988.0,0.13819386386681548,1278.1550469041763,Low,Account retention review,4.0,3.0,0.0,416,True,True
A-378b99,Company_60,Pro,2223.0,26676.0,0.5943764501577996,1321.2988487007885,High,Proactive retention outreach,4.5,6.0,0.0,480,False,False
A-94d3da,Company_61,Basic,19885.0,238620.0,0.10051308513847704,1998.7026979786158,Low,Proactive retention outreach,3.6666666666666665,4.0,0.0,413,True,False
A-e351e1,Company_62,Enterprise,627.0,7524.0,0.4459519931778855,279.6118997225342,Medium,Proactive retention outreach,4.0,2.0,0.0,226,False,False
A-9badbd,Company_63,Enterprise,13796.0,165552.0,0.44851939317342304,6187.773548220544,Medium,Proactive retention outreach,5.0,4.0,0.0,647,False,False
A-7e0a10,Company_64,Enterprise,27186.0,326232.0,0.2773770767371859,7540.773208177136,High,Proactive retention outreach,4.0,4.0,0.0,431,True,False
A-526d93,Company_66,Basic,29827.0,357924.0,0.18495133370260902,5516.54343034772,Low,Proactive retention outreach,3.5,4.0,0.25,460,True,False
A-f92792,Company_67,Pro,17262.0,207144.0,0.4636725128967083,8003.9149176229785,High,Account retention review,4.0,1.0,0.0,467,False,True
A-84ebe4,Company_68,Pro,20830.0,249960.0,0.05028415562081647,1047.4189615816072,Low,Proactive retention outreach,4.0,2.0,0.0,317,False,False
A-5b4ebb,Company_69,Basic,2337.0,28044.0,0.44829965542457645,1047.6762947272352,Medium,Proactive retention outreach,4.666666666666667,4.0,0.0,639,False,False
A-9b9fe9,Company_71,Basic,3690.0,44280.0,0.19716079400632822,727.5233298833512,Low,Account retention review,4.0,3.0,0.0,493,False,True
A-a8b49c,Company_72,Basic,6846.0,82152.0,0.19401917601009933,1328.25527896514,Low,Proactive retention outreach,4.0,1.0,0.0,496,False,False
A-a1bbb6,Company_74,Basic,14157.0,169884.0,0.06851801556997768,970.009546424174,Low,Proactive retention outreach,4.0,3.0,0.0,308,False,False
A-c45b23,Company_75,Basic,2854.0,34248.0,0.41791981541458767,1192.7431531932332,Medium,Customer satisfaction outreach,3.0,2.0,0.0,537,False,False
A-02cd81,Company_76,Basic,28644.0,343728.0,0.32794902850505064,9393.771972498671,High,Priority support intervention,4.5,3.0,0.3333333333333333,624,False,False
A-ee42db,Company_77,Enterprise,10997.0,131964.0,0.2853202529292472,3137.6668214629312,Low,Customer satisfaction outreach,3.0,4.0,0.0,391,True,True
A-432483,Company_78,Pro,23412.0,280944.0,0.0484548812250402,1134.425679240641,Low,Proactive retention outreach,,1.0,0.0,368,True,False
A-9208f0,Company_79,Pro,3413.0,40956.0,0.21059482788029185,718.7601475554361,Low,Proactive retention outreach,3.5,7.0,0.1428571428571428,488,True,False
A-98a59a,Company_80,Enterprise,33712.0,404544.0,0.2449264132880067,8256.959244765283,High,Account retention review,5.0,2.0,0.0,405,True,True
A-fe79a5,Company_81,Basic,8159.0,97908.0,0.18824684167370143,1535.90598121573,Low,Proactive retention outreach,5.0,3.0,0.0,299,True,False
A-726cfa,Company_82,Pro,20785.0,249420.0,0.4015818802308801,8346.879380598843,High,Proactive retention outreach,4.0,3.0,0.0,880,True,False
A-271f46,Company_84,Pro,9728.0,116736.0,0.07325844847050625,712.6581867210848,Low,Proactive retention outreach,,1.0,0.0,308,False,False
A-157070,Company_85,Pro,18700.0,224400.0,0.2658091621452773,4970.631332116685,Low,Priority support intervention,,2.0,0.5,623,True,False
A-40a557,Company_86,Pro,15388.0,184656.0,0.15636638415635293,2406.165919397959,Low,Customer satisfaction outreach,3.0,5.0,0.0,376,False,False
A-91e948,Company_88,Basic,13735.0,164820.0,0.027939847971142646,383.75381188364423,Low,Proactive retention outreach,,0.0,0.0,364,True,False
A-104f1a,Company_89,Pro,7987.0,95844.0,0.39489114923784446,3153.995608962664,Medium,Proactive retention outreach,3.75,4.0,0.25,373,False,False
A-7988d1,Company_90,Basic,10692.0,128304.0,0.09147938370334856,978.0975705562028,Low,Proactive retention outreach,5.0,2.0,0.0,359,False,False
A-faa28c,Company_91,Enterprise,46500.0,558000.0,0.1659798030917815,7718.06084376784,High,Priority support intervention,4.666666666666667,3.0,0.3333333333333333,495,True,False
A-f25509,Company_92,Enterprise,12736.0,152832.0,0.2829301473228747,3603.398356304132,Low,Proactive retention outreach,4.666666666666667,6.0,0.0,202,False,False
A-3a5ad8,Company_94,Enterprise,11216.0,134592.0,0.34293746127877067,3846.3865657026918,Medium,Account retention review,4.0,3.0,0.0,458,True,True
A-65a46c,Company_95,Pro,20960.0,251520.0,0.1918184226139472,4020.514137988333,Low,Proactive retention outreach,3.6666666666666665,6.0,0.0,286,True,False
A-8b25f2,Company_96,Pro,8957.0,107484.0,0.28729256165115474,2573.279474709393,Low,Proactive retention outreach,4.0,2.0,0.0,489,True,False
A-adc1f3,Company_98,Pro,2786.0,33432.0,0.31291854588967943,871.7910688486469,Medium,Proactive retention outreach,3.5,3.0,0.0,280,False,False
A-503d5a,Company_99,Enterprise,5754.0,69048.0,0.5803341730853452,3339.242831933076,High,Account retention review,4.0,7.0,0.0,455,False,True
A-186a44,Company_101,Enterprise,7276.0,87312.0,0.6052268128186695,4403.63029006864,High,Account retention review,3.333333333333333,6.0,0.0,522,False,True
A-e888d1,Company_102,Pro,5162.0,61944.0,0.1631558091364958,842.2102867625913,Low,Proactive retention outreach,4.0,5.0,0.2,488,True,False
A-69fad4,Company_103,Basic,3678.0,44136.0,0.16878045922107426,620.7745290151112,Low,Proactive retention outreach,3.6666666666666665,4.0,0.0,334,False,False
A-9289f6,Company_104,Enterprise,11347.0,136164.0,0.21113246979585565,2395.720134773574,Low,Proactive retention outreach,4.0,4.0,0.0,555,True,False
A-f19409,Company_105,Basic,27767.0,333204.0,0.0814595156038506,2261.88636977212,Low,Proactive retention outreach,,2.0,0.0,556,True,False
A-2e3bad,Company_108,Pro,40565.0,486780.0,0.15621935616410632,6337.038182796972,Low,Proactive retention outreach,3.5,5.0,0.0,403,False,False
A-484819,Company_109,Pro,11506.0,138072.0,0.10168549533736333,1169.9933093517025,Low,Proactive retention outreach,4.5,5.0,0.0,319,True,False
A-425e76,Company_110,Enterprise,10743.0,128916.0,0.41115881647448843,4417.079165385429,Medium,Proactive retention outreach,3.333333333333333,5.0,0.2,393,True,False
A-e83938,Company_111,Pro,5084.0,61008.0,0.25809516511312025,1312.1558194351035,Low,Proactive retention outreach,,3.0,0.0,242,True,False
A-ad296b,Company_112,Pro,15846.0,190152.0,0.251850317069708,3990.820124286593,Low,Priority support intervention,3.6666666666666665,3.0,0.3333333333333333,258,False,False
A-e51ec7,Company_113,Enterprise,5569.0,66828.0,0.4252409270522424,2368.166722753938,Medium,Account retention review,,2.0,0.0,384,True,True
A-0aaf6e,Company_114,Enterprise,2269.0,27228.0,0.6112702214569246,1386.972132485762,High,Customer satisfaction outreach,3.0,4.0,0.0,502,False,False
A-e61e98,Company_115,Enterprise,13484.0,161808.0,0.3657398161697021,4931.635681232263,Medium,Proactive retention outreach,4.6,5.0,0.2,509,True,False
A-92a333,Company_116,Enterprise,10659.0,127908.0,0.1661520257180243,1771.0144421284208,Low,Account retention review,,4.0,0.25,285,False,True
A-95b24a,Company_117,Pro,25034.0,300408.0,0.19401292812122609,4856.919642586774,Low,Account retention review,4.25,5.0,0.0,513,True,True
A-42e5e1,Company_118,Pro,68.0,816.0,0.6040207148207829,41.073408607813235,High,Account retention review,4.0,3.0,0.0,345,True,True
A-7d514c,Company_119,Enterprise,19862.0,238344.0,0.28389430209710026,5638.708628252605,Low,Proactive retention outreach,5.0,2.0,0.0,451,True,False
A-65aeb5,Company_120,Pro,32430.0,389160.0,0.2612410102223183,8472.045961509783,High,Account retention review,5.0,2.0,0.0,468,False,True
A-e2cd1b,Company_121,Enterprise,6761.0,81132.0,0.5187254773478509,3507.10295234882,High,Proactive retention outreach,4.0,5.0,0.0,405,False,False
A-180abf,Company_122,Pro,17088.0,205056.0,0.2226673586855638,3804.9398252189144,Low,Customer satisfaction outreach,3.0,3.0,0.0,453,True,False
A-f17767,Company_123,Enterprise,14179.0,170148.0,0.21903628987350812,3105.7155541164716,Low,Priority support intervention,4.0,3.0,0.3333333333333333,662,True,True
A-5a184f,Company_124,Enterprise,19980.0,239760.0,0.3257379619803469,6508.244480367331,Medium,Account retention review,4.333333333333333,3.0,0.0,471,False,True
A-7df7a7,Company_125,Basic,18475.0,221700.0,0.16699422661361862,3085.2183366866043,Low,Priority support intervention,4.0,3.0,0.3333333333333333,775,False,True
A-52dd88,Company_127,Pro,14590.0,175080.0,0.07848111929392027,1145.0395304982967,Low,Proactive retention outreach,,1.0,0.0,455,False,False
A-bece89,Company_128,Pro,17388.0,208656.0,0.12312092130164197,2140.8265795929506,Low,Product adoption outreach,4.0,4.0,0.25,132,True,False
A-029f69,Company_129,Basic,10955.0,131460.0,0.34840709647205265,3816.799741851337,Medium,Customer satisfaction outreach,3.0,2.0,0.0,751,False,False
A-5c046d,Company_130,Basic,24831.0,297972.0,0.19646157913746648,4878.33747156243,Low,Customer satisfaction outreach,3.0,1.0,0.0,433,False,False
A-ae052e,Company_132,Basic,3822.0,45864.0,0.22080225161618422,843.906205677056,Low,Account retention review,4.0,4.0,0.0,273,True,True
A-9f9299,Company_133,Enterprise,25452.0,305424.0,0.21757199292053048,5537.642363813342,Low,Proactive retention outreach,,3.0,0.0,676,False,False
A-96e141,Company_134,Basic,15183.0,182196.0,0.18688258202547217,2837.438242892744,Low,Proactive retention outreach,4.333333333333333,5.0,0.0,301,False,False
A-117171,Company_135,Basic,0.0,0.0,0.33432108835870034,0.0,Medium,Product adoption outreach,3.5,5.0,0.2,193,False,False
A-313be3,Company_136,Enterprise,16703.0,200436.0,0.19970313246771737,3335.641421608283,Low,Proactive retention outreach,,3.0,0.0,478,True,False
A-bbc346,Company_138,Enterprise,9492.0,113904.0,0.7440339034932463,7062.369811957894,High,Account retention review,4.5,3.0,0.0,583,True,True
A-c16101,Company_139,Basic,4826.0,57912.0,0.5174961390777574,2497.436367189257,High,Account retention review,5.0,3.0,0.0,456,True,True
A-50f3f7,Company_140,Basic,17178.0,206136.0,0.3365463222645379,5781.192723860232,Medium,Account retention review,5.0,6.0,0.1666666666666666,556,False,True
A-7da956,Company_141,Pro,4164.0,49968.0,0.2893971063202612,1205.0495507175676,Low,Account retention review,5.0,3.0,0.0,459,True,True
A-019782,Company_142,Enterprise,5169.0,62028.0,0.21264182811235352,1099.1456095127553,Low,Proactive retention outreach,,1.0,0.0,498,True,False
A-df10db,Company_143,Enterprise,9342.0,112104.0,0.277181960551673,2589.433875473729,Low,Priority support intervention,3.0,2.0,0.5,612,True,False
A-3932db,Company_144,Pro,5358.0,64296.0,0.3363298585224773,1802.0553819634335,Medium,Account retention review,4.333333333333333,6.0,0.0,335,True,True
A-4f18f0,Company_145,Pro,12835.0,154020.0,0.5483111725819888,7037.573900089827,High,Account retention review,4.0,5.0,0.0,503,False,True
A-4c6f11,Company_146,Pro,7586.0,91032.0,0.16758434927736068,1271.294873618058,Low,Account retention review,4.333333333333333,3.0,0.0,220,False,True
A-8ae05d,Company_147,Enterprise,4902.0,58824.0,0.3914602670693453,1918.9382291739305,Medium,Product adoption outreach,4.0,1.0,0.0,156,False,False
A-eafc6e,Company_149,Pro,16229.0,194748.0,0.11343654749595154,1840.9617293117976,Low,Proactive retention outreach,,1.0,0.0,279,False,False
A-37f969,Company_150,Enterprise,22959.0,275508.0,0.3542092543456758,8132.2902705223705,High,Proactive retention outreach,3.6666666666666665,5.0,0.2,280,True,False
A-10b8f2,Company_151,Basic,28367.0,340404.0,0.029522602525914612,837.4676658526198,Low,Proactive retention outreach,4.333333333333333,3.0,0.0,485,True,False
A-439b2f,Company_152,Enterprise,522.0,6264.0,0.3359176452697446,175.3490108308067,Medium,Product adoption outreach,,2.0,0.0,153,False,False
A-544d0a,Company_153,Basic,17762.0,213144.0,0.16722528081893173,2970.2554379058656,Low,Priority support intervention,4.0,2.0,0.5,416,False,True
A-ba6516,Company_154,Pro,21170.0,254040.0,0.42199045263553,8933.53788229417,High,Account retention review,4.0,5.0,0.0,585,True,True
A-038089,Company_156,Pro,2009.0,24108.0,0.3314286764241296,665.8402109360763,Medium,Proactive retention outreach,3.6666666666666665,6.0,0.0,201,False,False
A-afa505,Company_157,Basic,52080.0,624960.0,0.1000830916448364,5212.32741286308,Low,Customer satisfaction outreach,3.0,4.0,0.25,414,True,True
A-d5a319,Company_158,Enterprise,25907.0,310884.0,0.15337028062313743,3973.3638601036214,Low,Priority support intervention,4.0,1.0,1.0,477,True,True
A-f97b9a,Company_159,Pro,20403.0,244836.0,0.19230848114505783,3923.6699408026147,Low,Proactive retention outreach,3.6666666666666665,6.0,0.0,473,False,False
A-2f6a32,Company_160,Basic,361.0,4332.0,0.5024478477514406,181.38367303827005,High,Proactive retention outreach,3.5,2.0,0.0,589,False,False
A-856b1e,Company_161,Basic,6321.0,75852.0,0.12404857254843063,784.1110270786301,Low,Product adoption outreach,,5.0,0.2,180,True,False
A-d27f50,Company_163,Enterprise,13923.0,167076.0,0.6206896420347094,8641.861886049259,High,Proactive retention outreach,3.75,4.0,0.0,424,False,False
A-e36807,Company_164,Pro,4933.0,59196.0,0.2403432214515392,1185.613111420443,Low,Proactive retention outreach,4.5,2.0,0.0,357,False,False
A-ff79f2,Company_165,Basic,5295.0,63540.0,0.269044903423208,1424.5927636258864,Low,Proactive retention outreach,,2.0,0.0,344,False,False
A-5b1bcd,Company_166,Pro,111617.0,1339404.0,0.03693107584351916,4122.135892426078,Low,Proactive retention outreach,4.0,3.0,0.0,754,True,False
A-71615e,Company_167,Basic,26067.0,312804.0,0.13297951226766547,3466.3769462812356,Low,Proactive retention outreach,,1.0,0.0,524,True,False
A-794a0b,Company_168,Basic,10575.0,126900.0,0.05045618169139716,533.5741213865249,Low,Proactive retention outreach,,0.0,0.0,255,False,False
A-86902e,Company_169,Enterprise,28629.0,343548.0,0.48266509112510736,13818.218893820698,High,Proactive retention outreach,3.5,9.0,0.0,531,True,False
A-0532a9,Company_170,Pro,361.0,4332.0,0.7742173071051792,279.4924478649697,High,Customer satisfaction outreach,3.0,7.0,0.0,423,False,False
A-9779ad,Company_171,Pro,35760.0,429120.0,0.05457981122740851,1951.7740494921281,Low,Proactive retention outreach,,1.0,0.0,353,False,False
A-f45426,Company_172,Basic,4899.0,58788.0,0.48845810818109536,2392.956271979186,Medium,Account retention review,4.0,3.0,0.0,501,False,True
A-fa3095,Company_174,Basic,61810.0,741720.0,0.039441988069341016,2437.909282565968,Low,Proactive retention outreach,5.0,3.0,0.0,504,False,False
A-ad64c6,Company_175,Pro,9136.0,109632.0,0.24228896835051714,2213.5520148503247,Low,Proactive retention outreach,5.0,2.0,0.0,202,False,False
A-39b19f,Company_176,Enterprise,11655.0,139860.0,0.31753611590319303,3700.883430851715,Medium,Account retention review,4.0,5.0,0.0,513,True,True
A-56962b,Company_177,Enterprise,22168.0,266016.0,0.3797643025163917,8418.615058183372,High,Customer satisfaction outreach,3.0,4.0,0.0,214,True,False
A-e60f9d,Company_178,Basic,1421.0,17052.0,0.4879546639144118,693.3835774223792,Medium,Proactive retention outreach,,2.0,0.0,567,False,False
A-158f4e,Company_180,Enterprise,27572.0,330864.0,0.2045428972069973,5639.65676179133,Low,Proactive retention outreach,4.333333333333333,5.0,0.0,420,False,False
A-5b051a,Company_181,Enterprise,418.0,5016.0,0.2977283654840163,124.45045677231882,Low,Customer satisfaction outreach,3.0,1.0,0.0,122,False,False
A-296d7c,Company_182,Enterprise,1297.0,15564.0,0.46670735874809893,605.3194442962844,Medium,Proactive retention outreach,3.75,5.0,0.0,332,False,False
A-1619f8,Company_183,Pro,11496.0,137952.0,0.2843425053163739,3268.8014411170343,Low,Proactive retention outreach,5.0,2.0,0.0,387,False,False
A-a1b80b,Company_184,Basic,34589.0,415068.0,0.20031699430353614,6928.764515965012,Low,Account retention review,4.0,4.0,0.0,580,True,True
A-702032,Company_186,Pro,5572.0,66864.0,0.2757785540642314,1536.6381032458974,Low,Customer satisfaction outreach,3.0,4.0,0.0,251,False,False
A-7a0d69,Company_187,Enterprise,1330.0,15960.0,0.5172321327882982,687.9187366084366,High,Proactive retention outreach,5.0,2.0,0.0,516,True,False
A-22d9d2,Company_188,Pro,6252.0,75024.0,0.5526389602164592,3455.098779273303,High,Proactive retention outreach,4.333333333333333,5.0,0.0,666,True,False
A-b9eed8,Company_189,Basic,5547.0,66564.0,0.3246595889850352,1800.8867400999904,Medium,Account retention review,3.75,5.0,0.2,540,False,True
A-dfbd31,Company_190,Enterprise,7134.0,85608.0,0.675959104265256,4822.292249828336,High,Proactive retention outreach,4.25,5.0,0.0,559,True,False
A-8e47ca,Company_191,Pro,23145.0,277740.0,0.2609144189307589,6038.864226152415,Low,Proactive retention outreach,4.0,5.0,0.2,411,True,False
A-4437e4,Company_192,Enterprise,15869.0,190428.0,0.3601630024645364,5715.4266861097285,Medium,Priority support intervention,3.0,4.0,0.5,738,True,False
A-779e4e,Company_193,Basic,27150.0,325800.0,0.05901125008832097,1602.1554398979142,Low,Account retention review,3.6666666666666665,4.0,0.0,365,True,True
A-53f4e3,Company_194,Enterprise,5329.0,63948.0,0.5483610761846059,2922.216174987765,High,Proactive retention outreach,4.0,5.0,0.0,352,False,False
A-692f18,Company_195,Basic,22798.0,273576.0,0.21869395942437808,4985.784886956972,Low,Account retention review,5.0,1.0,0.0,776,True,True
A-13466a,Company_196,Basic,8927.0,107124.0,0.05321713850459674,475.06939543053505,Low,Product adoption outreach,5.0,2.0,0.0,167,False,False
A-1986ca,Company_197,Pro,27661.0,331932.0,0.18987957091574723,5252.258811100484,Low,Proactive retention outreach,3.4,7.0,0.0,325,True,False
A-0cc442,Company_198,Basic,31517.0,378204.0,0.35492352429953333,11186.124715348393,High,Customer satisfaction outreach,3.0,3.0,0.0,668,True,True
A-c608c8,Company_199,Pro,6296.0,75552.0,0.28047936687760444,1765.8980938613975,Low,Customer satisfaction outreach,3.0,2.0,0.0,375,True,True
A-3be56b,Company_200,Pro,14945.0,179340.0,0.4724621440561096,7060.946742918558,Medium,Account retention review,3.5,4.0,0.0,472,True,True
A-354f12,Company_201,Pro,6965.0,83580.0,0.20332147940294262,1416.1341040414954,Low,Account retention review,,2.0,0.0,91,False,True
A-68f37c,Company_202,Basic,30678.0,368136.0,0.12849794757782884,3942.0600357926332,Low,Proactive retention outreach,4.0,4.0,0.0,565,True,False
A-aa9511,Company_203,Pro,38842.0,466104.0,0.11796312500078869,4581.923701280634,Low,Proactive retention outreach,4.0,2.0,0.0,536,False,False
A-af0cd2,Company_204,Enterprise,5377.0,64524.0,0.1970239599197012,1059.3978324882335,Low,Proactive retention outreach,,3.0,0.0,568,True,False
A-c222ab,Company_206,Pro,9504.0,114048.0,0.24500924051887132,2328.567821891353,Low,Proactive retention outreach,,1.0,0.0,350,False,False
A-34d880,Company_207,Enterprise,18394.0,220728.0,0.33758977114521976,6209.626250445172,Medium,Customer satisfaction outreach,3.0,3.0,0.0,411,False,False
A-508199,Company_208,Basic,8436.0,101232.0,0.10985942569480879,926.7741151614069,Low,Customer satisfaction outreach,3.0,3.0,0.0,183,False,False
A-f03140,Company_209,Pro,15702.0,188424.0,0.5048377142994188,7926.961789929474,High,Account retention review,3.6666666666666665,7.0,0.0,518,False,True
A-fa2041,Company_211,Pro,10766.0,129192.0,0.2994997366413768,3224.4141646810626,Low,Customer satisfaction outreach,3.0,1.0,0.0,456,False,False
A-de58ca,Company_212,Enterprise,23170.0,278040.0,0.2020597188954852,4681.723686808393,Low,Customer satisfaction outreach,3.0,4.0,0.0,463,False,False
A-05d3b3,Company_213,Basic,8373.0,100476.0,0.13288513628857312,1112.6472461442227,Low,Proactive retention outreach,4.333333333333333,5.0,0.0,593,False,False
A-249769,Company_214,Enterprise,14727.0,176724.0,0.3848912204043511,5668.293002894879,Medium,Customer satisfaction outreach,3.0,1.0,0.0,556,False,False
A-e43bf7,Company_215,Pro,37910.0,454920.0,0.02668943933895786,1011.7966453398925,Low,Priority support intervention,5.0,3.0,0.3333333333333333,333,True,False
A-eb2fdc,Company_216,Enterprise,20555.0,246660.0,0.28140971983038227,5784.376791113507,Low,Proactive retention outreach,4.5,5.0,0.0,465,False,False
A-e1462e,Company_217,Basic,11745.0,140940.0,0.1491726813389752,1752.033142326264,Low,Account retention review,3.5,2.0,0.0,321,True,True
A-cab532,Company_218,Pro,14243.0,170916.0,0.2657642982192843,3785.2808995372666,Low,Account retention review,4.0,1.0,0.0,883,True,True
A-9123ac,Company_219,Pro,9179.0,110148.0,0.12761593090353773,1171.386629763573,Low,Account retention review,4.666666666666667,4.0,0.0,303,False,True
A-6e08f3,Company_220,Basic,12371.0,148452.0,0.06072583096638308,751.2392548851251,Low,Account retention review,3.5,2.0,0.0,388,True,True
A-d922bf,Company_221,Basic,15323.0,183876.0,0.1503274876330706,2303.468093001541,Low,Proactive retention outreach,3.333333333333333,7.0,0.1428571428571428,379,False,False
A-8ed5dd,Company_222,Enterprise,11426.0,137112.0,0.3220268443669471,3679.4787237367377,Medium,Proactive retention outreach,4.0,5.0,0.0,490,True,False
A-3c1a3f,Company_224,Pro,7773.0,93276.0,0.4504446388278765,3501.306177609084,Medium,Account retention review,3.5,4.0,0.0,414,False,True
A-b2af2e,Company_227,Enterprise,1091.0,13092.0,0.4118115245409796,449.2863732742087,Medium,Product adoption outreach,4.0,2.0,0.0,144,False,False
A-9bfc9f,Company_228,Pro,12745.0,152940.0,0.42235117936355204,5382.865780988471,Medium,Account retention review,3.333333333333333,6.0,0.1666666666666666,357,True,True
A-4ae22a,Company_229,Pro,7592.0,91104.0,0.3234974682316908,2455.9927788149967,Medium,Customer satisfaction outreach,3.0,3.0,0.0,308,False,False
A-fda07f,Company_230,Basic,7769.0,93228.0,0.454406495084689,3530.284060312949,Medium,Proactive retention outreach,4.0,5.0,0.0,613,True,False
A-977ca0,Company_232,Basic,29255.0,351060.0,0.15690270476414428,4590.188627875041,Low,Proactive retention outreach,,2.0,0.0,722,True,False
A-ab438f,Company_233,Enterprise,0.0,0.0,0.5351822142243255,0.0,High,Proactive retention outreach,3.5,2.0,0.0,340,False,False
A-e89151,Company_234,Pro,9867.0,118404.0,0.17964085824717546,1772.5163483248803,Low,Proactive retention outreach,5.0,1.0,0.0,522,True,False
A-40906c,Company_235,Basic,30820.0,369840.0,0.1686600918651217,5198.104031283051,Low,Proactive retention outreach,4.0,2.0,0.0,612,False,False
A-81edc3,Company_236,Basic,14926.0,179112.0,0.25701416993254067,3836.193500413102,Low,Proactive retention outreach,4.0,3.0,0.0,604,True,False
A-328bd0,Company_237,Enterprise,12844.0,154128.0,0.2956791445445704,3797.702932530462,Low,Proactive retention outreach,3.6666666666666665,5.0,0.0,494,True,False
A-b3fe05,Company_238,Pro,13333.0,159996.0,0.39683481782987523,5290.998626125726,Medium,Customer satisfaction outreach,3.0,3.0,0.0,408,False,False
A-09540c,Company_239,Basic,17152.0,205824.0,0.055317696706780606,948.809133914701,Low,Account retention review,4.5,2.0,0.0,259,True,True
A-e693b6,Company_240,Enterprise,19470.0,233640.0,0.20214039584514581,3935.673507104989,Low,Customer satisfaction outreach,3.0,1.0,0.0,638,True,False
A-2446e3,Company_241,Pro,13392.0,160704.0,0.3315079660145776,4439.554680867223,Medium,Account retention review,4.0,2.0,0.0,410,False,True
A-241e75,Company_242,Enterprise,3499.0,41988.0,0.47507206829485915,1662.2771669637123,Medium,Account retention review,4.5,4.0,0.0,227,False,True
A-922109,Company_243,Pro,12516.0,150192.0,0.46248094803903167,5788.4115456565205,Medium,Customer satisfaction outreach,3.0,3.0,0.0,723,False,False
A-ff3c73,Company_244,Pro,3936.0,47232.0,0.11054331764512608,435.09849825121626,Low,Proactive retention outreach,3.5,2.0,0.0,341,True,False
A-8b0451,Company_245,Enterprise,779.0,9348.0,0.8295347335470613,646.2075574331608,High,Proactive retention outreach,3.6666666666666665,5.0,0.0,547,False,False
A-331424,Company_246,Basic,6567.0,78804.0,0.09396072763311618,617.040098366674,Low,Product adoption outreach,,2.0,0.0,194,False,False
A-51ec1b,Company_247,Enterprise,5184.0,62208.0,0.34691388815251467,1798.401596182636,Medium,Priority support intervention,5.0,3.0,0.3333333333333333,273,True,True
A-bcf664,Company_248,Pro,7644.0,91728.0,0.22688340138159604,1734.2967201609201,Low,Proactive retention outreach,4.0,4.0,0.25,477,False,False
A-90a8c8,Company_249,Pro,21667.0,260004.0,0.3296485441242511,7142.495005540149,Medium,Proactive retention outreach,3.25,4.0,0.0,363,True,False
A-86cdb4,Company_250,Basic,0.0,0.0,0.41791048131750025,0.0,Medium,Proactive retention outreach,5.0,3.0,0.0,371,False,False
A-dbc825,Company_252,Enterprise,26595.0,319140.0,0.4269506083769112,11354.751429783953,High,Customer satisfaction outreach,3.0,5.0,0.0,612,True,False
A-7c4956,Company_254,Enterprise,2801.0,33612.0,0.2593620727901188,726.4731658851227,Low,Proactive retention outreach,4.0,2.0,0.0,400,False,False
A-3ce5b8,Company_256,Basic,16650.0,199800.0,0.30246048262040315,5035.967035629712,Medium,Proactive retention outreach,4.0,8.0,0.0,455,False,False
A-bd4708,Company_257,Pro,17242.0,206904.0,0.37079550744052253,6393.2561392894895,Medium,Proactive retention outreach,4.0,2.0,0.0,553,False,False
A-993085,Company_258,Basic,40098.0,481176.0,0.09027539150317321,3619.8626484942392,Low,Account retention review,4.0,3.0,0.0,613,True,True
A-92a3af,Company_259,Enterprise,21350.0,256200.0,0.6567890401336243,14022.446006852879,High,Account retention review,4.0,4.0,0.25,597,False,True
A-151c9a,Company_260,Enterprise,14250.0,171000.0,0.16929462016634023,2412.4483373703483,Low,Account retention review,3.5,2.0,0.0,305,False,True
A-474ad4,Company_261,Basic,5757.0,69084.0,0.17047702475685658,981.4362315252233,Low,Priority support intervention,5.0,3.0,0.3333333333333333,528,True,True
A-4ef964,Company_262,Pro,12584.0,151008.0,0.2753378664590803,3464.8517115210666,Low,Customer satisfaction outreach,3.0,2.0,0.0,336,False,False
A-fd9422,Company_263,Pro,12644.0,151728.0,0.26640531601235273,3368.428815660188,Low,Proactive retention outreach,3.4,5.0,0.2,372,True,False
A-0baac2,Company_264,Enterprise,0.0,0.0,0.4408600684725961,0.0,Medium,Product adoption outreach,4.333333333333333,6.0,0.0,179,False,False
A-560d27,Company_266,Pro,31176.0,374112.0,0.3539359822570223,11034.308182844927,High,Proactive retention outreach,3.6666666666666665,4.0,0.0,539,False,False
A-2789e3,Company_268,Enterprise,627.0,7524.0,0.6847688046595487,429.35004052153704,High,Proactive retention outreach,4.0,1.0,0.0,552,False,False
A-902ef7,Company_270,Enterprise,20584.0,247008.0,0.502435683217114,10342.136103341074,High,Proactive retention outreach,4.0,2.0,0.0,369,True,False
A-20736a,Company_271,Enterprise,14850.0,178200.0,0.3708616683528533,5507.295775039871,Medium,Proactive retention outreach,4.0,2.0,0.0,406,False,False
A-cea1f0,Company_273,Pro,1437.0,17244.0,0.5084394121401334,730.6274352453718,High,Account retention review,4.5,4.0,0.0,489,False,True
A-ef84cf,Company_274,Enterprise,7355.0,88260.0,0.37323921030148993,2745.1743917674585,Medium,Account retention review,4.0,3.0,0.0,259,False,True
A-d49cc5,Company_275,Basic,8700.0,104400.0,0.07353476781743876,639.7524800117171,Low,Proactive retention outreach,4.5,3.0,0.0,375,False,False
A-67be94,Company_276,Enterprise,13293.0,159516.0,0.08127260738354668,1080.356769949486,Low,Proactive retention outreach,5.0,3.0,0.0,346,False,False
A-4e960a,Company_277,Enterprise,23126.0,277512.0,0.3532075722557068,8168.278315985476,High,Account retention review,4.0,5.0,0.0,414,False,True
A-c37cab,Company_278,Pro,7336.0,88032.0,0.6063510759257926,4448.191492991615,High,Proactive retention outreach,3.75,4.0,0.25,603,False,False
A-443b7c,Company_280,Enterprise,14859.0,178308.0,0.654022417827699,9718.11910650178,High,Proactive retention outreach,4.4,8.0,0.0,524,False,False
A-1f7acb,Company_281,Basic,46912.0,562944.0,0.12217906274878958,5731.664191671217,Low,Account retention review,4.4,6.0,0.0,478,True,True
A-f51f16,Company_282,Enterprise,13261.0,159132.0,0.41869870944322474,5552.363585926603,Medium,Customer satisfaction outreach,3.0,4.0,0.0,346,True,False
A-5a3eb9,Company_283,Enterprise,15430.0,185160.0,0.46975143184250834,7248.264593329904,Medium,Account retention review,,3.0,0.0,672,False,True
A-417d2f,Company_285,Pro,13969.0,167628.0,0.23733683572061548,3315.3582581812775,Low,Proactive retention outreach,4.333333333333333,4.0,0.0,650,True,False
A-e98302,Company_286,Enterprise,9421.0,113052.0,0.24934297861723517,2349.0602015529726,Low,Proactive retention outreach,4.166666666666667,8.0,0.0,243,False,False
A-bcf87c,Company_288,Pro,3313.0,39756.0,0.3954992839416932,1310.2891276988296,Medium,Proactive retention outreach,4.0,2.0,0.0,426,False,False
A-54ecc2,Company_289,Enterprise,9601.0,115212.0,0.30663503615302645,2944.002982105207,Medium,Account retention review,5.0,4.0,0.0,550,False,True
A-625d0b,Company_290,Basic,0.0,0.0,0.4055918495066148,0.0,Medium,Customer satisfaction outreach,3.0,4.0,0.0,432,False,False
A-fce879,Company_291,Pro,627.0,7524.0,0.3884570055541163,243.5625424824309,Medium,Proactive retention outreach,4.0,2.0,0.0,251,False,False
A-6da850,Company_293,Pro,11559.0,138708.0,0.5342159276948426,6175.001908224685,High,Account retention review,,3.0,0.0,683,True,True
A-342303,Company_294,Pro,1695.0,20340.0,0.12160537755590971,206.12111495726697,Low,Product adoption outreach,4.5,3.0,0.0,127,False,False
A-e7a1e2,Company_295,Enterprise,5174.0,62088.0,0.4761434214438907,2463.5660625506907,Medium,Proactive retention outreach,4.0,1.0,0.0,596,False,False
A-f1f639,Company_296,Basic,2919.0,35028.0,0.04230424676171078,123.48609629743378,Low,Product adoption outreach,4.75,6.0,0.0,108,True,False
A-a865bd,Company_297,Pro,21022.0,252264.0,0.04828755151427714,1015.1009079331341,Low,Product adoption outreach,,1.0,0.0,167,False,False
A-4e631b,Company_298,Enterprise,13174.0,158088.0,0.40345373224532105,5315.099468599859,Medium,Proactive retention outreach,4.0,2.0,0.0,425,True,False
A-7f6b86,Company_299,Basic,16342.0,196104.0,0.11717742425074909,1914.9134671057416,Low,Proactive retention outreach,3.5,5.0,0.0,387,True,False
A-8adedc,Company_300,Basic,16985.0,203820.0,0.11731187328880434,1992.5421678103417,Low,Proactive retention outreach,4.0,4.0,0.0,546,False,False
A-2edab2,Company_301,Enterprise,6851.0,82212.0,0.4251856176597732,2912.9466665871064,Medium,Customer satisfaction outreach,3.0,4.0,0.0,427,True,False
A-a6d261,Company_303,Pro,37944.0,455328.0,0.16498459142994448,6260.175337217814,Low,Priority support intervention,5.0,2.0,0.5,591,True,False
A-202b67,Company_305,Pro,12397.0,148764.0,0.2706987648788756,3355.852588203421,Low,Proactive retention outreach,4.666666666666667,4.0,0.0,354,True,False
A-00bed1,Company_306,Basic,33506.0,402072.0,0.062453982341503136,2092.583132334404,Low,Proactive retention outreach,4.0,4.0,0.0,462,True,False
A-ffc04f,Company_307,Pro,12630.0,151560.0,0.6232116906849992,7871.163653351539,High,Proactive retention outreach,4.5,7.0,0.1428571428571428,756,False,False
A-65c341,Company_308,Pro,18088.0,217056.0,0.21093527178080396,3815.397195971182,Low,Proactive retention outreach,4.0,5.0,0.0,397,False,False
A-dcc2f0,Company_309,Basic,12462.0,149544.0,0.28003065903202434,3489.7420728570874,Low,Proactive retention outreach,,2.0,0.0,755,True,False
A-3d957b,Company_311,Pro,9066.0,108792.0,0.3942283145726352,3574.0738999155105,Medium,Customer satisfaction outreach,3.0,3.0,0.0,129,True,False
A-883b7d,Company_313,Basic,28515.0,342180.0,0.2636057054161936,7516.71668994276,High,Proactive retention outreach,4.0,5.0,0.2,535,False,False
A-dcc3f1,Company_314,Pro,7770.0,93240.0,0.4459455881645611,3464.9972200386396,Medium,Proactive retention outreach,3.8,9.0,0.0,416,False,False
A-c62e55,Company_315,Basic,9746.0,116952.0,0.03148286333530865,306.8319860659181,Low,Proactive retention outreach,4.0,4.0,0.0,284,True,False
A-e40f45,Company_317,Pro,11426.0,137112.0,0.3658094479977046,4179.738752821772,Medium,Proactive retention outreach,4.333333333333333,7.0,0.0,317,True,False
A-96215d,Company_318,Enterprise,8793.0,105516.0,0.4323235675429675,3801.4211294053134,Medium,Customer satisfaction outreach,3.0,1.0,0.0,306,True,False
A-2b9d3e,Company_319,Enterprise,2637.0,31644.0,0.17492501081703002,461.2772535245082,Low,Proactive retention outreach,5.0,3.0,0.0,389,True,False
A-b7724f,Company_320,Basic,1322.0,15864.0,0.14621157524368872,193.2917024721565,Low,Customer satisfaction outreach,3.0,2.0,0.0,345,False,False
A-eb1312,Company_322,Pro,1225.0,14700.0,0.5415932242186766,663.4516996678789,High,Proactive retention outreach,5.0,1.0,0.0,544,False,False
A-df1e44,Company_323,Enterprise,9267.0,111204.0,0.36324352779156555,3366.177772044438,Medium,Account retention review,5.0,1.0,0.0,361,True,True
A-a8d89d,Company_326,Pro,23425.0,281100.0,0.15467430638434354,3623.2456270532475,Low,Proactive retention outreach,5.0,2.0,0.0,503,True,False
A-600734,Company_327,Pro,13526.0,162312.0,0.32858450647873344,4444.434034631348,Medium,Proactive retention outreach,3.6666666666666665,7.0,0.1428571428571428,586,True,False
A-86fc1d,Company_328,Basic,8316.0,99792.0,0.46163873223218205,3838.987697242826,Medium,Proactive retention outreach,4.0,4.0,0.0,298,True,False
A-acb7f7,Company_330,Basic,31358.0,376296.0,0.11813261416185182,3704.4025148873493,Low,Proactive retention outreach,3.5,3.0,0.0,466,True,False
A-712f1c,Company_331,Basic,30587.0,367044.0,0.2495869297483766,7634.115420213595,High,Proactive retention outreach,4.0,6.0,0.0,571,True,False
A-3793ee,Company_332,Enterprise,16954.0,203448.0,0.09840418540766707,1668.3445594015875,Low,Account retention review,4.0,4.0,0.0,308,True,True
A-9a532a,Company_333,Enterprise,8756.0,105072.0,0.3760976528225139,3293.1110481139317,Medium,Product adoption outreach,,2.0,0.0,155,False,False
A-2ebb4b,Company_334,Basic,26670.0,320040.0,0.08458613034615987,2255.912096332084,Low,Customer satisfaction outreach,3.0,2.0,0.0,413,True,False
A-c9bb3e,Company_336,Pro,9730.0,116760.0,0.33709755689590853,3279.95922859719,Medium,Proactive retention outreach,4.25,5.0,0.2,457,True,False
A-4814a3,Company_337,Basic,4263.0,51156.0,0.47852094681009727,2039.9347962514446,Medium,Proactive retention outreach,4.0,4.0,0.25,513,True,False
A-b7b7b7,Company_338,Basic,17416.0,208992.0,0.2315472715800369,4032.627281837923,Low,Proactive retention outreach,5.0,3.0,0.0,521,True,False
A-ccc747,Company_339,Pro,3381.0,40572.0,0.20333259027241363,687.4674877110305,Low,Proactive retention outreach,5.0,4.0,0.25,264,True,False
A-bb3bd4,Company_340,Basic,7015.0,84180.0,0.3065850860012798,2150.694378298978,Medium,Proactive retention outreach,4.6,9.0,0.0,301,True,False
A-09316c,Company_341,Enterprise,29190.0,350280.0,0.3355001326846212,9793.248873064093,High,Priority support intervention,4.5,2.0,0.5,511,False,False
A-96bbc6,Company_342,Enterprise,16630.0,199560.0,0.29280287973406494,4869.3118899775,Low,Proactive retention outreach,3.333333333333333,3.0,0.0,340,True,False
A-bc4d48,Company_343,Pro,4760.0,57120.0,0.27753800363108266,1321.0808972839534,Low,Proactive retention outreach,4.0,5.0,0.0,298,True,False
A-b30291,Company_344,Basic,5130.0,61560.0,0.1639866979106375,841.2517602815703,Low,Proactive retention outreach,,1.0,0.0,449,False,False
A-cdf020,Company_345,Pro,7615.0,91380.0,0.1659783108716887,1263.9248372879094,Low,Proactive retention outreach,4.0,4.0,0.0,334,True,False
A-e6afc1,Company_346,Pro,22582.0,270984.0,0.13491035998251638,3046.545749125185,Low,Proactive retention outreach,,0.0,0.0,638,False,False
A-e3bd71,Company_347,Basic,27773.0,333276.0,0.08507136482751089,2362.68701535446,Low,Account retention review,4.0,4.0,0.0,518,True,True
A-098560,Company_349,Enterprise,10770.0,129240.0,0.45271382170502833,4875.727859763155,Medium,Priority support intervention,3.0,1.0,1.0,491,True,False
A-82861f,Company_350,Basic,24527.0,294324.0,0.3300227648256431,8094.468352878548,High,Proactive retention outreach,3.25,4.0,0.0,417,False,False
A-94c3cd,Company_351,Enterprise,2668.0,32016.0,0.3370056137337228,899.1309774415724,Medium,Proactive retention outreach,3.5,4.0,0.25,274,False,False
A-a33200,Company_352,Basic,7192.0,86304.0,0.43017354729012103,3093.8081521105505,Medium,Proactive retention outreach,4.5,3.0,0.0,462,False,False
A-034368,Company_353,Enterprise,494.0,5928.0,0.23231711372278602,114.7646541790563,Low,Proactive retention outreach,4.0,5.0,0.0,235,False,False
A-b54c01,Company_354,Enterprise,0.0,0.0,0.6275620844757879,0.0,High,Customer satisfaction outreach,3.0,5.0,0.0,208,False,False
A-d82ef9,Company_355,Basic,11571.0,138852.0,0.5437649401771039,6291.9041227892685,High,Account retention review,4.333333333333333,3.0,0.0,596,True,True
A-bb2f49,Company_356,Pro,18301.0,219612.0,0.19901678567108042,3642.2061945664427,Low,Account retention review,4.0,3.0,0.0,552,True,True
A-1f559b,Company_357,Enterprise,10160.0,121920.0,0.24315907524684433,2470.4962045079383,Low,Account retention review,4.0,4.0,0.0,334,False,True
A-5a215a,Company_358,Enterprise,114057.0,1368684.0,0.04941207571085647,5635.793119353157,Low,Proactive retention outreach,4.0,3.0,0.0,709,True,False
A-3f9cc0,Company_359,Basic,19940.0,239280.0,0.2647816945861341,5279.7469900475135,Low,Account retention review,4.5,4.0,0.25,389,True,True
A-ed510f,Company_361,Basic,33306.0,399672.0,0.08470537812867138,2821.1973239535287,Low,Proactive retention outreach,4.0,9.0,0.0,399,True,False
A-a7bd4b,Company_363,Enterprise,6268.0,75216.0,0.23820806805814718,1493.0881705884665,Low,Proactive retention outreach,3.333333333333333,5.0,0.0,504,True,False
A-d4ac0e,Company_364,Basic,9173.0,110076.0,0.5843660759479173,5360.390014670245,High,Proactive retention outreach,4.0,3.0,0.0,683,True,False
A-ffdfd5,Company_365,Basic,6016.0,72192.0,0.14170292395313533,852.4847905020622,Low,Proactive retention outreach,,0.0,0.0,439,True,False
A-0dbdc6,Company_366,Pro,14030.0,168360.0,0.10010832670560775,1404.5198236796768,Low,Proactive retention outreach,,3.0,0.0,451,False,False
A-7cfe77,Company_367,Pro,8073.0,96876.0,0.5590671750632468,4513.349304285591,High,Account retention review,3.6666666666666665,6.0,0.0,188,True,True
A-1f0636,Company_368,Pro,71820.0,861840.0,0.061956051592222915,4449.683625353449,Low,Proactive retention outreach,3.5,2.0,0.0,567,True,False
A-40de06,Company_369,Enterprise,22758.0,273096.0,0.20467277347361248,4657.942978712473,Low,Proactive retention outreach,4.0,3.0,0.0,756,True,False
A-cb5333,Company_370,Pro,22395.0,268740.0,0.6576214101238178,14727.4314797229,High,Customer satisfaction outreach,3.0,4.0,0.0,692,False,True
A-6e7827,Company_372,Basic,5061.0,60732.0,0.10433896743143993,528.0595141705174,Low,Customer satisfaction outreach,3.0,1.0,0.0,370,True,False
A-50bb9f,Company_373,Pro,7403.0,88836.0,0.32947098437763456,2439.0736973476287,Medium,Proactive retention outreach,4.0,7.0,0.0,255,True,False
A-5247b3,Company_375,Pro,9259.0,111108.0,0.5241071355902873,4852.70796843047,High,Proactive retention outreach,4.0,5.0,0.0,555,True,False
A-f44180,Company_376,Pro,11077.0,132924.0,0.0931522666798015,1031.8476580121612,Low,Proactive retention outreach,5.0,2.0,0.0,440,False,False
A-d42431,Company_378,Enterprise,11321.0,135852.0,0.52034257919204,5890.798339033085,High,Account retention review,4.0,4.0,0.0,410,True,True
A-0a62f5,Company_381,Pro,3184.0,38208.0,0.49866310948553294,1587.7433406019368,Medium,Proactive retention outreach,,1.0,0.0,233,False,False
A-f5641b,Company_382,Pro,13857.0,166284.0,0.40446093691614704,5604.61520284705,Medium,Customer satisfaction outreach,3.0,4.0,0.25,383,True,True
A-b44e3e,Company_383,Basic,35561.0,426732.0,0.11799752605855854,4196.1100241684,Low,Proactive retention outreach,4.333333333333333,3.0,0.0,340,True,False
A-3b37d9,Company_384,Enterprise,14858.0,178296.0,0.1265128593198808,1879.7280637747888,Low,Proactive retention outreach,4.5,5.0,0.0,386,True,False
A-54d94a,Company_385,Basic,8075.0,96900.0,0.2059221333694584,1662.8212269583764,Low,Account retention review,3.5,4.0,0.0,519,True,True
A-7f29a7,Company_386,Basic,779.0,9348.0,0.3710589235061226,289.0549014112695,Medium,Proactive retention outreach,4.0,1.0,0.0,570,False,False
A-089363,Company_387,Basic,7164.0,85968.0,0.10448817027910884,748.5532518795358,Low,Proactive retention outreach,3.6666666666666665,3.0,0.0,545,True,False
A-855a48,Company_389,Pro,30376.0,364512.0,0.19460999750045863,5911.473284073932,Low,Account retention review,3.6666666666666665,5.0,0.0,436,False,True
A-756192,Company_390,Basic,18740.0,224880.0,0.19289364158137615,3614.826843234989,Low,Proactive retention outreach,4.0,3.0,0.0,560,True,False
A-49b828,Company_391,Pro,26391.0,316692.0,0.22664567324457724,5981.405962597638,Low,Proactive retention outreach,4.0,2.0,0.0,603,True,False
A-c7ffc2,Company_392,Pro,29211.0,350532.0,0.058634764460525395,1712.7801046564073,Low,Customer satisfaction outreach,3.0,2.0,0.0,571,True,False
A-751c58,Company_393,Basic,10869.0,130428.0,0.4401166835277074,4783.6282332626515,Medium,Proactive retention outreach,4.0,4.0,0.0,472,True,False
A-72799b,Company_394,Enterprise,14326.0,171912.0,0.33921487626128316,4859.592317319142,Medium,Priority support intervention,4.5,2.0,0.5,491,True,True
A-812c5b,Company_395,Basic,10110.0,121320.0,0.4877359621067506,4931.010576899248,Medium,Proactive retention outreach,4.0,4.0,0.0,794,False,False
A-69b156,Company_396,Pro,12139.0,145668.0,0.2518126663765964,3056.7539571455036,Low,Proactive retention outreach,4.0,7.0,0.0,340,False,False
A-075038,Company_397,Basic,18111.0,217332.0,0.24018088532866047,4349.91601418737,Low,Customer satisfaction outreach,3.0,1.0,0.0,654,True,False
A-940b8b,Company_398,Basic,9640.0,115680.0,0.25029496956352504,2412.8435065923813,Low,Account retention review,4.0,2.0,0.0,351,True,True
A-2d1036,Company_399,Pro,46230.0,554760.0,0.35819511390480946,16559.36011581934,High,Account retention review,4.5,4.0,0.25,590,False,True
A-9affe6,Company_401,Pro,9167.0,110004.0,0.12601384805515323,1155.1689451215896,Low,Customer satisfaction outreach,3.0,3.0,0.0,405,True,False
A-80eeb6,Company_402,Enterprise,56928.0,683136.0,0.15646151522790006,8907.041138893894,High,Account retention review,3.6666666666666665,4.0,0.25,590,True,True
A-c7e58b,Company_404,Pro,5384.0,64608.0,0.30249153676378976,1628.614433936244,Medium,Proactive retention outreach,3.333333333333333,3.0,0.0,324,False,False
A-016043,Company_405,Basic,4341.0,52092.0,0.19595998911939835,850.6623127673082,Low,Proactive retention outreach,4.0,2.0,0.0,427,True,False
A-bbe56f,Company_406,Enterprise,5607.0,67284.0,0.1302122361370866,730.1000080206446,Low,Proactive retention outreach,4.0,2.0,0.0,210,True,False
A-7c5768,Company_407,Enterprise,2382.0,28584.0,0.519536338395327,1237.5355580576688,High,Proactive retention outreach,5.0,3.0,0.0,406,False,False
A-751bd4,Company_408,Pro,190.0,2280.0,0.34188971398423673,64.95904565700498,Medium,Product adoption outreach,4.0,4.0,0.25,62,False,False
A-4e0e85,Company_409,Enterprise,4544.0,54528.0,0.15938505962591645,724.2457109401644,Low,Proactive retention outreach,5.0,2.0,0.0,230,False,False
A-ad3abd,Company_410,Pro,11748.0,140976.0,0.07902486244342982,928.3840839854136,Low,Customer satisfaction outreach,3.0,2.0,0.0,257,False,False
A-e19ff6,Company_411,Enterprise,1676.0,20112.0,0.3215839291593907,538.9746652711389,Medium,Proactive retention outreach,4.666666666666667,3.0,0.0,408,False,False
A-7920cc,Company_412,Pro,34536.0,414432.0,0.15782038038502963,5450.484656977384,Low,Proactive retention outreach,4.333333333333333,5.0,0.0,504,True,False
A-5a92e7,Company_413,Pro,8744.0,104928.0,0.7224101829633868,6316.754639831854,High,Proactive retention outreach,4.75,6.0,0.0,772,False,False
A-fdfc91,Company_414,Basic,20612.0,247344.0,0.08430297911939816,1737.6530056090348,Low,Proactive retention outreach,4.0,4.0,0.0,544,True,False
A-1e50e0,Company_415,Pro,13295.0,159540.0,0.02569836361625741,341.6597442781423,Low,Product adoption outreach,,0.0,0.0,175,True,False
A-1e1b80,Company_416,Enterprise,47697.0,572364.0,0.31357947167127925,14956.800060305006,High,Proactive retention outreach,3.2,6.0,0.0,591,False,False
A-659280,Company_417,Enterprise,21127.0,253524.0,0.3127070450553566,6606.561740884519,Medium,Proactive retention outreach,4.333333333333333,4.0,0.0,525,True,False
A-f6b2fb,Company_418,Basic,21795.0,261540.0,0.2967981594760443,6468.715885780386,Low,Account retention review,4.0,5.0,0.2,488,True,True
A-cb6cc6,Company_419,Basic,1397.0,16764.0,0.05793533711752878,80.93566595318771,Low,Proactive retention outreach,4.0,2.0,0.0,267,True,False
A-d62e02,Company_420,Pro,1990.0,23880.0,0.3836694340784003,763.5021738160166,Medium,Account retention review,4.0,1.0,0.0,245,False,True
A-d535f6,Company_421,Basic,2616.0,31392.0,0.24445442223406222,639.4927685643067,Low,Proactive retention outreach,,0.0,0.0,448,False,False
A-39868b,Company_422,Pro,3753.0,45036.0,0.31697574419667995,1189.60996797014,Medium,Proactive retention outreach,4.25,6.0,0.0,247,False,False
A-3cc791,Company_423,Enterprise,6758.0,81096.0,0.3572802419597579,2414.4998751640437,Medium,Proactive retention outreach,4.25,5.0,0.2,403,False,False
A-337bc1,Company_424,Pro,19379.0,232548.0,0.0577355612281832,1118.8574410409622,Low,Priority support intervention,4.5,2.0,0.5,367,True,True
A-58b9ff,Company_425,Enterprise,20379.0,244548.0,0.7171019725375218,14613.821098342158,High,Priority support intervention,4.0,2.0,0.5,581,False,True
A-1d5444,Company_427,Basic,29782.0,357384.0,0.1031040415262242,3070.6445647340092,Low,Proactive retention outreach,4.0,1.0,0.0,526,True,False
A-0f3e88,Company_428,Basic,4749.0,56988.0,0.13585388497507964,645.1700997466531,Low,Proactive retention outreach,5.0,2.0,0.0,464,True,False
A-7641d3,Company_429,Pro,11086.0,133032.0,0.0795037759478622,881.3788601580004,Low,Priority support intervention,5.0,4.0,0.5,449,False,True
A-cd458b,Company_430,Basic,16100.0,193200.0,0.41449217575335784,6673.324029629061,Medium,Proactive retention outreach,4.5,4.0,0.0,760,False,False
A-c16b88,Company_431,Enterprise,10082.0,120984.0,0.40260067728771975,4059.0200284147904,Medium,Customer satisfaction outreach,3.0,3.0,0.0,447,False,False
A-59f724,Company_432,Enterprise,9431.0,113172.0,0.3742315157634485,3529.3774251650825,Medium,Proactive retention outreach,4.333333333333333,3.0,0.0,617,True,False
A-87aa7b,Company_433,Pro,13518.0,162216.0,0.4152122562921718,5612.839280557579,Medium,Priority support intervention,,2.0,0.5,649,True,True
A-1e6fc3,Company_434,Pro,245.0,2940.0,0.23456771981526534,57.46909135474001,Low,Proactive retention outreach,3.6666666666666665,5.0,0.0,232,False,False
A-34ea2f,Company_436,Enterprise,1671.0,20052.0,0.729182754294153,1218.4643824255297,High,Proactive retention outreach,3.8,7.0,0.0,461,False,False
A-716841,Company_437,Pro,7469.0,89628.0,0.3901288962239801,2913.8727258969075,Medium,Proactive retention outreach,4.0,5.0,0.0,318,False,False
A-558c72,Company_438,Basic,6048.0,72576.0,0.05864847620180048,354.7059840684893,Low,Proactive retention outreach,4.5,4.0,0.25,246,True,False
A-b11cd0,Company_439,Pro,4312.0,51744.0,0.06264866389424038,270.14103871196454,Low,Proactive retention outreach,5.0,3.0,0.0,259,False,False
A-7f4db3,Company_441,Pro,17722.0,212664.0,0.26225968207774764,4647.766085781844,Low,Proactive retention outreach,3.25,5.0,0.2,693,False,False
A-cc102e,Company_443,Enterprise,3718.0,44616.0,0.4917533165240423,1828.3388308363892,Medium,Proactive retention outreach,4.0,3.0,0.0,333,False,False
A-dec005,Company_445,Pro,19599.0,235188.0,0.22183559412297588,4347.755809216204,Low,Customer satisfaction outreach,3.0,2.0,0.0,377,False,False
A-7c83a1,Company_447,Pro,14511.0,174132.0,0.39398730517433606,5717.14978538479,Medium,Proactive retention outreach,4.0,4.0,0.0,550,False,False
A-297a2d,Company_448,Pro,9000.0,108000.0,0.1648984226290648,1484.0858036615832,Low,Customer satisfaction outreach,3.0,2.0,0.0,223,True,False
A-4c56c9,Company_449,Enterprise,20783.0,249396.0,0.4049058026113099,8415.157295670853,High,Proactive retention outreach,4.0,4.0,0.0,535,False,False
A-cbbe12,Company_450,Enterprise,4361.0,52332.0,0.1836069063609678,800.7097186401805,Low,Account retention review,4.25,6.0,0.0,162,True,True
A-4a267b,Company_451,Pro,13671.0,164052.0,0.3786896435709428,5177.06611725836,Medium,Proactive retention outreach,4.333333333333333,4.0,0.0,420,False,False
A-bcbe98,Company_452,Enterprise,6256.0,75072.0,0.7317547815323049,4577.8579132661,High,Account retention review,4.0,7.0,0.1428571428571428,499,True,True
A-427b69,Company_453,Basic,6056.0,72672.0,0.5371964995363355,3253.262001192048,High,Customer satisfaction outreach,3.0,2.0,0.0,619,False,False
A-054577,Company_455,Basic,23577.0,282924.0,0.45623227750921136,10756.588406834677,High,Account retention review,4.0,1.0,0.0,733,True,True
A-bc87bc,Company_456,Pro,342.0,4104.0,0.47379508209583737,162.03791807677638,Medium,Proactive retention outreach,3.5,5.0,0.0,325,False,False
A-e7beab,Company_458,Enterprise,4982.0,59784.0,0.2893408102652205,1441.4959167413285,Low,Proactive retention outreach,4.0,6.0,0.0,356,False,False
A-a09355,Company_459,Basic,6971.0,83652.0,0.5229724739255125,3645.6411157347475,High,Proactive retention outreach,4.0,5.0,0.0,673,False,False
A-31ab9a,Company_460,Pro,4459.0,53508.0,0.3598759651134476,1604.6869284408629,Medium,Proactive retention outreach,3.6666666666666665,6.0,0.0,311,False,False
A-0158bb,Company_461,Basic,836.0,10032.0,0.3057991164632096,255.64806136324324,Medium,Customer satisfaction outreach,3.0,1.0,0.0,339,False,False
A-f19b24,Company_462,Pro,1972.0,23664.0,0.019002696875555128,37.473318238594715,Low,Priority support intervention,4.0,2.0,0.5,82,False,False
A-798a3f,Company_463,Enterprise,10976.0,131712.0,0.313352910627371,3439.3615470460236,Medium,Proactive retention outreach,4.0,4.0,0.0,308,True,False
A-42b791,Company_464,Pro,1421.0,17052.0,0.274782544240468,390.465995365705,Low,Proactive retention outreach,4.0,3.0,0.0,277,False,False
A-068fc6,Company_465,Enterprise,19740.0,236880.0,0.19709144347378582,3890.585094172532,Low,Proactive retention outreach,4.333333333333333,5.0,0.0,525,True,False
A-6f50ae,Company_466,Pro,19046.0,228552.0,0.3398720435279507,6473.202941033349,Medium,Account retention review,5.0,2.0,0.0,691,False,True
A-a2485e,Company_467,Pro,4370.0,52440.0,0.26567698533674405,1161.0084259215714,Low,Account retention review,,0.0,0.0,267,False,True
A-bb1eaa,Company_468,Basic,9156.0,109872.0,0.17874151992412557,1636.5573564252936,Low,Account retention review,4.5,6.0,0.0,135,False,True
A-cc98bc,Company_469,Basic,19999.0,239988.0,0.1055011873456715,2109.9182457260845,Low,Proactive retention outreach,4.0,3.0,0.0,456,True,False
A-d77f4c,Company_470,Pro,42455.0,509460.0,0.15791382136925866,6704.231286231877,Low,Account retention review,4.0,2.0,0.0,563,True,True
A-ccabf0,Company_471,Pro,22379.0,268548.0,0.3987227900510637,8923.017318552755,High,Account retention review,3.6666666666666665,4.0,0.0,430,False,True
A-4a4c2d,Company_473,Enterprise,29268.0,351216.0,0.24283025766440103,7107.155981321689,Low,Account retention review,4.0,4.0,0.0,533,True,True
A-b7ef83,Company_474,Pro,16186.0,194232.0,0.40167878864659556,6501.572873033796,Medium,Proactive retention outreach,4.0,1.0,0.0,645,True,False
A-e08cd3,Company_475,Pro,3283.0,39396.0,0.5131824526531861,1684.7779920604098,High,Proactive retention outreach,4.0,6.0,0.0,360,False,False
A-19b2c8,Company_476,Pro,22723.0,272676.0,0.24121407471618847,5481.107419775951,Low,Proactive retention outreach,4.666666666666667,3.0,0.0,513,True,False
A-970c97,Company_477,Enterprise,11830.0,141960.0,0.42841630005999615,5068.1648297097545,Medium,Account retention review,5.0,1.0,0.0,366,False,True
A-6dee43,Company_478,Basic,22770.0,273240.0,0.11464075850169851,2610.370071083675,Low,Proactive retention outreach,4.333333333333333,4.0,0.0,437,True,False
A-5ed98d,Company_479,Basic,11904.0,142848.0,0.24027247024070392,2860.2034857453395,Low,Proactive retention outreach,5.0,5.0,0.0,239,False,False
A-c58f49,Company_480,Enterprise,15260.0,183120.0,0.2395512225519856,3655.5516561433005,Low,Priority support intervention,5.0,3.0,0.3333333333333333,319,False,False
A-9c18c4,Company_481,Pro,11853.0,142236.0,0.20689781970692692,2452.3598569862047,Low,Proactive retention outreach,5.0,3.0,0.0,469,True,False
A-cc8c8f,Company_482,Enterprise,6009.0,72108.0,0.4773778539107229,2868.563524149534,Medium,Proactive retention outreach,3.5,2.0,0.0,239,True,False
A-5f7781,Company_483,Pro,4796.0,57552.0,0.3627048497744652,1739.5324595183351,Medium,Product adoption outreach,4.0,2.0,0.0,169,True,False
A-e1b9cd,Company_484,Pro,24402.0,292824.0,0.26461666236690784,6457.175795077285,Low,Customer satisfaction outreach,3.0,1.0,0.0,804,False,True
A-ac85cd,Company_485,Enterprise,4611.0,55332.0,0.6238638894611559,2876.63639430539,High,Proactive retention outreach,3.5,3.0,0.0,527,False,False
A-d792a6,Company_486,Enterprise,10019.0,120228.0,0.2996821097509091,3002.515057594358,Low,Account retention review,4.0,3.0,0.0,598,True,True
A-ac9111,Company_487,Pro,14483.0,173796.0,0.26014597500306225,3767.6941559693505,Low,Account retention review,5.0,3.0,0.0,710,False,True
A-9f0b68,Company_489,Basic,15629.0,187548.0,0.33681967933095125,5264.154768263437,Medium,Customer satisfaction outreach,3.0,2.0,0.0,663,False,False
A-ccb686,Company_491,Basic,17921.0,215052.0,0.3002448519422185,5380.687991656498,Medium,Account retention review,4.0,1.0,0.0,560,True,True
A-0e966d,Company_493,Basic,5632.0,67584.0,0.40013600717443315,2253.5659924064075,Medium,Priority support intervention,5.0,2.0,0.5,517,False,False
A-b9f5b1,Company_494,Pro,4087.0,49044.0,0.06587423798263449,269.22801063502715,Low,Proactive retention outreach,3.2,5.0,0.2,260,False,False
A-8ae3fc,Company_495,Pro,3896.0,46752.0,0.5695290624244402,2218.8852272056192,High,Proactive retention outreach,3.5,4.0,0.0,349,False,False
A-55f257,Company_496,Basic,12137.0,145644.0,0.14453823191395893,1754.2605207397194,Low,Proactive retention outreach,5.0,6.0,0.0,364,True,False
A-712533,Company_498,Pro,9268.0,111216.0,0.1586933197713382,1470.7696876407624,Low,Proactive retention outreach,3.6666666666666665,3.0,0.0,480,False,False
A-781cc0,Company_499,Pro,10426.0,125112.0,0.5509714138723897,5744.427961033535,High,Proactive retention outreach,4.0,3.0,0.0,719,True,False
